month,GHI_kWhm2day_target,GHI_kWhm2day_achieved,T_mean_degC,load_mean_kW,load_peak_kW,load_total_kWh,source_solar,source_temp
Jan,4.1,4.1,20.0,32.702,40.048,24330.4,NASA_POWER_SARAH3,BMD_Sandwip_Station
Feb,4.85,4.85,22.5,35.213,45.163,23663.4,NASA_POWER_SARAH3,BMD_Sandwip_Station
Mar,5.7,5.7,27.5,43.1,54.856,32066.6,NASA_POWER_SARAH3,BMD_Sandwip_Station
Apr,6.05,6.05,30.8,45.588,58.333,32823.2,NASA_POWER_SARAH3,BMD_Sandwip_Station
May,5.4,5.4,31.5,47.181,60.643,35102.4,NASA_POWER_SARAH3,BMD_Sandwip_Station
Jun,3.85,3.85,30.2,46.28,56.082,33321.3,NASA_POWER_SARAH3,BMD_Sandwip_Station
Jul,3.6,3.6,29.1,48.295,61.0,35931.1,NASA_POWER_SARAH3,BMD_Sandwip_Station
Aug,3.75,3.75,29.1,47.977,57.621,35695.3,NASA_POWER_SARAH3,BMD_Sandwip_Station
Sep,4.2,4.2,29.2,50.112,58.505,36080.9,NASA_POWER_SARAH3,BMD_Sandwip_Station
Oct,4.9,4.9,28.6,46.572,56.722,34649.5,NASA_POWER_SARAH3,BMD_Sandwip_Station
Nov,4.55,4.55,24.9,36.693,49.303,26419.0,NASA_POWER_SARAH3,BMD_Sandwip_Station
Dec,3.85,3.85,21.0,32.735,40.684,24354.9,NASA_POWER_SARAH3,BMD_Sandwip_Station
